hehe.png,1,3
hehe.png,5,3
hehe.png,1,4
Screenshot (131).png,4,1
Screenshot (131).png,3,3
Screenshot (131).png,1,5
Screenshot 2024-05-10 095157.png,3,1
Screenshot 2024-05-10 122552.png,1,2
Screenshot 2024-05-10 122552.png,4,3
Screenshot 2024-05-10 122552.png,4,4
Screenshot 2024-05-10 122730.png,4,1
Screenshot 2024-05-10 122730.png,3,4
Screenshot 2024-05-10 122730.png,1,5
Screenshot 2024-05-10 122744.png,1,4
Screenshot 2024-05-10 122744.png,4,4
Screenshot 2024-05-10 122818.png,1,1
Screenshot 2024-05-10 122818.png,3,1
Screenshot 2024-05-10 122847.png,4,1
Screenshot 2024-05-10 122847.png,1,4
Screenshot 2024-05-10 122912.png,4,3
Screenshot 2024-05-10 122912.png,1,5
Screenshot 2024-05-10 122912.png,3,5
Screenshot 2024-05-10 122951.png,2,2
Screenshot 2024-05-10 122951.png,1,3
Screenshot 2024-05-10 122951.png,2,3
Screenshot 2024-05-10 123007.png,5,1
Screenshot 2024-05-10 123007.png,1,3
Screenshot 2024-05-10 123007.png,5,4
Screenshot 2024-05-10 123020.png,3,1
Screenshot 2024-05-10 123020.png,1,4
Screenshot 2024-05-10 123020.png,5,5
Screenshot 2024-05-10 123036.png,3,2
Screenshot 2024-05-10 123036.png,5,2
Screenshot 2024-05-10 123036.png,1,4
Screenshot 2024-05-10 123052.png,1,4
Screenshot 2024-05-10 123112.png,1,1
Screenshot 2024-05-10 123112.png,3,3
Screenshot 2024-05-10 123112.png,3,4
Screenshot 2024-05-10 123129.png,3,3
Screenshot 2024-05-10 123129.png,3,5
Screenshot 2024-05-10 123147.png,2,1
Screenshot 2024-05-10 123147.png,2,3
Screenshot 2024-05-10 123306.png,3,2
Screenshot 2024-05-10 123306.png,1,3
Screenshot 2024-05-10 144153.png,3,2
Screenshot 2024-05-10 144153.png,1,3
Screenshot 2024-05-10 144153.png,4,3
Screenshot 2024-05-10 144215.png,4,1
Screenshot 2024-05-10 144215.png,4,2
Screenshot 2024-05-10 144215.png,1,4
Screenshot 2024-05-10 144228.png,1,2
Screenshot 2024-05-10 144228.png,5,4
Screenshot 2024-05-10 144228.png,3,5
Screenshot 2024-05-10 144252.png,1,1
Screenshot 2024-05-10 144252.png,4,3
Screenshot 2024-05-10 144252.png,4,4
Screenshot 2024-05-10 144343.png,2,1
Screenshot 2024-05-10 144343.png,1,3
Screenshot 2024-05-10 144343.png,5,3
Screenshot 2024-05-10 144401.png,2,1
Screenshot 2024-05-10 144401.png,1,4
Screenshot 2024-05-10 144401.png,2,5
Screenshot 2024-05-10 144417.png,1,1
Screenshot 2024-05-10 144417.png,3,2
Screenshot 2024-05-10 144417.png,5,3
Screenshot 2024-05-10 144714.png,1,1
Screenshot 2024-05-10 144714.png,3,2
Screenshot 2024-05-10 144714.png,1,5
Screenshot 2024-05-10 144730.png,2,4
Screenshot 2024-05-10 144730.png,3,4
Screenshot 2024-05-10 144730.png,4,5
Screenshot 2024-05-10 144749.png,3,1
Screenshot 2024-05-10 144749.png,4,2
Screenshot 2024-05-10 144817.png,3,2
Screenshot 2024-05-10 144817.png,4,2
Screenshot 2024-05-10 144817.png,1,4
Screenshot 2024-05-10 144833.png,3,1
Screenshot 2024-05-10 144833.png,2,5
Screenshot 2024-05-10 144846.png,2,1
Screenshot 2024-05-10 144846.png,1,2
Screenshot 2024-05-10 144846.png,1,3
Screenshot 2024-05-10 145059.png,4,1
Screenshot 2024-05-10 145059.png,5,1
Screenshot 2024-05-10 145059.png,5,5
Screenshot 2024-05-10 145113.png,2,1
Screenshot 2024-05-10 145113.png,1,2
Screenshot 2024-05-10 145113.png,2,2
Screenshot 2024-05-10 145130.png,1,2
